,imdb_title_id,title,original_title,year,date_published,genre,duration,country,language,director,writer,production_company,actors,description,avg_vote,votes,budget,usa_gross_income,worlwide_gross_income,metascore,reviews_from_users,reviews_from_critics,percent_white,percent_black,percent_asian,percent_hispanic,percent_other
0,tt0316654,Spider-Man 2,Spider-Man 2,2004,2004-09-16,"Action, Adventure, Sci-Fi",127,USA,"English, Russian, Chinese",Sam Raimi,"Stan Lee, Steve Ditko",Columbia Pictures,"Tobey Maguire, Kirsten Dunst, James Franco, Alfred Molina, Rosemary Harris, J.K. Simmons, Donna Murphy, Daniel Gillies, Dylan Baker, Bill Nunn, Vanessa Ferlito, Aasif Mandvi, Willem Dafoe, Cliff Robertson, Ted Raimi",Peter Parker is beset with troubles in his failing personal life as he battles a brilliant scientist named Doctor Otto Octavius.,7.3,532565,$ 200000000,$ 373585825,$ 788976453,83.0,1458.0,321.0,0.8666666666666667,0.06666666666666668,0.06666666666666668,0.0,0.0
1,tt0348150,Superman Returns,Superman Returns,2006,2006-09-01,"Action, Sci-Fi",154,USA,"English, German, French",Bryan Singer,"Michael Dougherty, Dan Harris",Warner Bros.,"Brandon Routh, Kate Bosworth, Kevin Spacey, James Marsden, Parker Posey, Frank Langella, Sam Huntington, Eva Marie Saint, Marlon Brando, Kal Penn, Tristan Lake Leabu, David Fabrizio, Ian Roberts, Vincent Stone, Jack Larson","Superman returns to Earth after spending five years in space examining his homeworld Krypton. But he finds things have changed while he was gone, and he must once again prove himself important to the world.",6.0,268239,$ 270000000,$ 200081192,$ 391081192,72.0,2423.0,419.0,0.9333333333333332,0.0,0.06666666666666668,0.0,0.0
2,tt0360717,King Kong,King Kong,2005,2005-12-16,"Action, Adventure, Drama",187,"New Zealand, USA, Germany",English,Peter Jackson,"Fran Walsh, Philippa Boyens",Universal Pictures,"Naomi Watts, Jack Black, Adrien Brody, Thomas Kretschmann, Colin Hanks, Andy Serkis, Evan Parke, Jamie Bell, Lobo Chan, John Sumner, Craig Hall, Kyle Chandler, William Johnson, Mark Hadlow, Geraldine Brophy","A greedy film producer assembles a team of moviemakers and sets out for the infamous Skull Island, where they find more than just cannibalistic natives.",7.2,384415,$ 207000000,$ 218080025,$ 562363449,81.0,2697.0,224.0,0.9333333333333332,0.0,0.06666666666666668,0.0,0.0
3,tt0369610,Jurassic World,Jurassic World,2015,2015-06-11,"Action, Adventure, Sci-Fi",124,USA,English,Colin Trevorrow,"Rick Jaffa, Amanda Silver",Universal Pictures,"Chris Pratt, Bryce Dallas Howard, Irrfan Khan, Vincent D'Onofrio, Ty Simpkins, Nick Robinson, Jake Johnson, Omar Sy, BD Wong, Judy Greer, Lauren Lapkus, Brian Tee, Katie McGrath, Andy Buckley, Eric Edelstein","A new theme park, built on the original site of Jurassic Park, creates a genetically modified hybrid dinosaur, the Indominus Rex, which escapes containment and goes on a killing spree.",7.0,569512,$ 150000000,$ 652270625,$ 1670401444,59.0,1537.0,698.0,0.8,0.0,0.13333333333333333,0.0,0.06666666666666668
4,tt0376994,X-Men: Conflitto finale,X-Men: The Last Stand,2006,2006-05-26,"Action, Adventure, Sci-Fi",104,"Canada, USA, UK",English,Brett Ratner,"Simon Kinberg, Zak Penn",Twentieth Century Fox,"Hugh Jackman, Halle Berry, Ian McKellen, Patrick Stewart, Famke Janssen, Anna Paquin, Kelsey Grammer, James Marsden, Rebecca Romijn, Shawn Ashmore, Aaron Stanford, Vinnie Jones, Ellen Page, Daniel Cudmore, Ben Foster","The human government develops a cure for mutations, and Jean Gray becomes a darker uncontrollable persona called the Phoenix who allies with Magneto, causing escalation into an all-out battle for the X-Men.",6.7,475426,$ 210000000,$ 234362462,$ 460435291,58.0,1954.0,352.0,0.9333333333333332,0.0,0.0,0.0,0.06666666666666668
5,tt0383574,Pirati dei Caraibi - La maledizione del forziere fantasma,Pirates of the Caribbean: Dead Man's Chest,2006,2006-09-13,"Action, Adventure, Fantasy",151,USA,"English, Turkish, Greek, Mandarin, French",Gore Verbinski,"Ted Elliott, Terry Rossio",Walt Disney Pictures,"Johnny Depp, Orlando Bloom, Keira Knightley, Jack Davenport, Bill Nighy, Jonathan Pryce, Lee Arenberg, Mackenzie Crook, Kevin McNally, David Bailie, Stellan Skarsgård, Tom Hollander, Naomie Harris, Martin Klebba, David Schofield","Jack Sparrow races to recover the heart of Davy Jones to avoid enslaving his soul to Jones' service, as other friends and foes seek the heart for their own agenda as well.",7.3,644330,$ 225000000,$ 423315812,$ 1066179725,53.0,1889.0,323.0,0.7333333333333333,0.13333333333333333,0.06666666666666668,0.0,0.06666666666666668
6,tt0385752,La bussola d'oro,The Golden Compass,2007,2007-12-14,"Adventure, Family, Fantasy",113,"UK, USA","English, Icelandic, Russian, French",Chris Weitz,"Chris Weitz, Philip Pullman",New Line Cinema,"Nicole Kidman, Daniel Craig, Dakota Blue Richards, Ben Walker, Freddie Highmore, Ian McKellen, Eva Green, Jim Carter, Tom Courtenay, Ian McShane, Sam Elliott, Christopher Lee, Kristin Scott Thomas, Edward de Souza, Kathy Bates","In a parallel universe, young Lyra Belacqua journeys to the far North to save her best friend and other kidnapped children from terrible experiments by a mysterious organization.",6.1,176725,$ 180000000,$ 70107728,$ 372234864,51.0,710.0,262.0,1.0,0.0,0.0,0.0,0.0
7,tt0398286,Rapunzel: L'intreccio della torre,Tangled,2010,2010-11-26,"Animation, Adventure, Comedy",100,USA,English,"Nathan Greno, Byron Howard","Dan Fogelman, Jacob Grimm",Walt Disney Animation Studios,"Mandy Moore, Zachary Levi, Donna Murphy, Ron Perlman, M.C. Gainey, Jeffrey Tambor, Brad Garrett, Paul F. Tompkins, Richard Kiel, Delaney Rose Stein, Nathan Greno, Byron Howard, Tim Mertens, Michael Bell, Bob Bergen","The magically long-haired Rapunzel has spent her entire life in a tower, but now that a runaway thief has stumbled upon her, she is about to discover the world for the first time, and who she really is.",7.7,396086,$ 260000000,$ 200821936,$ 592461732,71.0,494.0,342.0,0.9333333333333332,0.06666666666666668,0.0,0.0,0.0
8,tt0401729,John Carter,John Carter,2012,2012-03-07,"Action, Adventure, Sci-Fi",132,USA,English,Andrew Stanton,"Andrew Stanton, Mark Andrews",Walt Disney Pictures,"Taylor Kitsch, Lynn Collins, Samantha Morton, Willem Dafoe, Thomas Haden Church, Mark Strong, Ciarán Hinds, Dominic West, James Purefoy, Bryan Cranston, Polly Walker, Daryl Sabara, Arkie Reece, Davood Ghadami, Pippa Nixon","Transported to Barsoom, a Civil War vet discovers a barren planet seemingly inhabited by 12-foot tall barbarians. Finding himself prisoner of these creatures, he escapes, only to encounter Woola and a princess in desperate need of a savior.",6.6,251828,$ 250000000,$ 73078100,$ 284139100,51.0,897.0,439.0,0.9333333333333332,0.0,0.0,0.0,0.06666666666666668
9,tt0413300,Spider-Man 3,Spider-Man 3,2007,2007-05-01,"Action, Adventure, Sci-Fi",139,USA,"English, French",Sam Raimi,"Sam Raimi, Ivan Raimi",Columbia Pictures,"Tobey Maguire, Kirsten Dunst, James Franco, Thomas Haden Church, Topher Grace, Bryce Dallas Howard, Rosemary Harris, J.K. Simmons, James Cromwell, Theresa Russell, Dylan Baker, Bill Nunn, Bruce Campbell, Elizabeth Banks, Ted Raimi","A strange black entity from another world bonds with Peter Parker and causes inner turmoil as he contends with new villains, temptations, and revenge.",6.2,489497,$ 258000000,$ 336530303,$ 894983373,59.0,2068.0,421.0,0.9333333333333332,0.06666666666666668,0.0,0.0,0.0
10,tt0417741,Harry Potter e il principe mezzosangue,Harry Potter and the Half-Blood Prince,2009,2009-07-15,"Action, Adventure, Family",153,"UK, USA",English,David Yates,"Steve Kloves, J.K. Rowling",Warner Bros.,"Daniel Radcliffe, Michael Gambon, Dave Legeno, Elarica Johnson, Jim Broadbent, Geraldine Somerville, Bonnie Wright, Julie Walters, Rupert Grint, Emma Watson, Helena Bonham Carter, Helen McCrory, Timothy Spall, Alan Rickman, Oliver Phelps",As Harry Potter (,7.6,458080,$ 250000000,$ 302305431,$ 934408366,78.0,1068.0,396.0,1.0,0.0,0.0,0.0,0.0
11,tt0435761,Toy Story 3 - La grande fuga,Toy Story 3,2010,2010-07-07,"Animation, Adventure, Comedy",103,USA,"English, Spanish",Lee Unkrich,"John Lasseter, Andrew Stanton",Walt Disney Pictures,"Tom Hanks, Tim Allen, Joan Cusack, Ned Beatty, Don Rickles, Michael Keaton, Wallace Shawn, John Ratzenberger, Estelle Harris, John Morris, Jodi Benson, Emily Hahn, Laurie Metcalf, Blake Clark, Teddy Newton","The toys are mistakenly delivered to a day-care center instead of the attic right before Andy leaves for college, and it's up to Woody to convince the other toys that they weren't abandoned and to return home.",8.3,739717,$ 200000000,$ 415004880,$ 1066969703,92.0,893.0,477.0,0.9333333333333332,0.0,0.0,0.0,0.06666666666666668
12,tt0438488,Terminator Salvation,Terminator Salvation,2009,2009-06-05,"Action, Adventure, Sci-Fi",115,"USA, Germany, UK, Italy","English, Italian",McG,"John Brancato, Michael Ferris",The Halcyon Company,"Christian Bale, Sam Worthington, Moon Bloodgood, Helena Bonham Carter, Anton Yelchin, Jadagrace, Bryce Dallas Howard, Common, Jane Alexander, Michael Ironside, Ivan G'Vera, Chris Browning, Dorian Nkono, Beth Bailey, Victor J. Ho","In 2018, a mysterious new weapon in the war against the machines, half-human and half-machine, comes to John Connor on the eve of a resistance attack on Skynet. But whose side is he on, and can he be trusted?",6.5,339181,$ 200000000,$ 125322469,$ 371353001,49.0,1095.0,436.0,0.6666666666666666,0.13333333333333333,0.06666666666666668,0.0,0.13333333333333333
13,tt0449088,Pirati dei Caraibi - Ai confini del mondo,Pirates of the Caribbean: At World's End,2007,2007-05-23,"Action, Adventure, Fantasy",169,USA,English,Gore Verbinski,"Ted Elliott, Terry Rossio",Walt Disney Pictures,"Johnny Depp, Geoffrey Rush, Orlando Bloom, Keira Knightley, Jack Davenport, Bill Nighy, Jonathan Pryce, Lee Arenberg, Mackenzie Crook, Kevin McNally, David Bailie, Stellan Skarsgård, Tom Hollander, Naomie Harris, Martin Klebba","Captain Barbossa, Will Turner and Elizabeth Swann must sail off the edge of the map, navigate treachery and betrayal, find Jack Sparrow, and make their final alliances for one last decisive battle.",7.1,585229,$ 300000000,$ 309420425,$ 960996492,50.0,1296.0,327.0,0.7333333333333333,0.13333333333333333,0.06666666666666668,0.0,0.06666666666666668
14,tt0499448,Le cronache di Narnia - Il principe Caspian,The Chronicles of Narnia: Prince Caspian,2008,2008-08-14,"Action, Adventure, Family",150,"USA, Poland, Slovenia, Czech Republic, UK",English,Andrew Adamson,"Andrew Adamson, Christopher Markus",Walt Disney Pictures,"Ben Barnes, Georgie Henley, Skandar Keynes, William Moseley, Anna Popplewell, Sergio Castellitto, Peter Dinklage, Warwick Davis, Vincent Grass, Pierfrancesco Favino, Cornell John, Damián Alcázar, Alicia Borrachero, Simón Andreu, Predrag Bjelac","The Pevensie siblings return to Narnia, where they are enlisted to once again help ward off an evil king and restore the rightful heir to the land's throne, Prince Caspian.",6.5,190392,$ 225000000,$ 141621490,$ 419665568,62.0,463.0,264.0,1.0,0.0,0.0,0.0,0.0
15,tt0499549,Avatar,Avatar,2009,2010-01-15,"Action, Adventure, Fantasy",162,USA,"English, Spanish",James Cameron,James Cameron,Twentieth Century Fox,"Sam Worthington, Zoe Saldana, Sigourney Weaver, Stephen Lang, Michelle Rodriguez, Giovanni Ribisi, Joel David Moore, CCH Pounder, Wes Studi, Laz Alonso, Dileep Rao, Matt Gerald, Sean Anthony Moran, Jason Whyte, Scott Lawrence",A paraplegic Marine dispatched to the moon Pandora on a unique mission becomes torn between following his orders and protecting the world he feels is his home.,7.8,1101160,$ 237000000,$ 760507625,$ 2790439092,83.0,3442.0,733.0,0.6,0.13333333333333333,0.06666666666666668,0.06666666666666668,0.13333333333333333
16,tt0770828,L'uomo d'acciaio,Man of Steel,2013,2013-06-20,"Action, Adventure, Sci-Fi",143,"USA, UK",English,Zack Snyder,"David S. Goyer, David S. Goyer",Warner Bros.,"Henry Cavill, Amy Adams, Michael Shannon, Diane Lane, Russell Crowe, Antje Traue, Harry Lennix, Richard Schiff, Christopher Meloni, Kevin Costner, Ayelet Zurer, Laurence Fishburne, Dylan Sprayberry, Cooper Timberline, Richard Cetrone","An alien child is evacuated from his dying world and sent to Earth to live among humans. His peace is threatened, when other survivors of his home planet invade Earth.",7.0,678921,$ 225000000,$ 291045518,$ 668045518,55.0,2777.0,769.0,0.8,0.13333333333333333,0.0,0.0,0.06666666666666668
17,tt0816711,World War Z,World War Z,2013,2013-06-27,"Action, Adventure, Horror",116,"USA, UK, Malta","English, Spanish, Hebrew, Arabic",Marc Forster,"Matthew Michael Carnahan, Drew Goddard",Paramount Pictures,"Brad Pitt, Mireille Enos, Daniella Kertesz, James Badge Dale, Ludi Boeken, Matthew Fox, Fana Mokoena, David Morse, Elyes Gabel, Peter Capaldi, Pierfrancesco Favino, Ruth Negga, Moritz Bleibtreu, Sterling Jerins, Abigail Hargrove",Former United Nations employee Gerry Lane traverses the world in a race against time to stop a zombie pandemic that is toppling armies and governments and threatens to destroy humanity itself.,7.0,590172,$ 190000000,$ 202359711,$ 540007876,63.0,1135.0,672.0,0.9333333333333332,0.0,0.0,0.0,0.06666666666666668
18,tt0830515,Quantum of Solace,Quantum of Solace,2008,2008-11-07,"Action, Adventure, Thriller",106,"UK, USA","English, Spanish, Italian, French, Swiss German, German",Marc Forster,"Paul Haggis, Neal Purvis",Metro-Goldwyn-Mayer (MGM),"Daniel Craig, Olga Kurylenko, Mathieu Amalric, Judi Dench, Giancarlo Giannini, Gemma Arterton, Jeffrey Wright, David Harbour, Jesper Christensen, Anatole Taubman, Rory Kinnear, Tim Pigott-Smith, Joaquín Cosio, Fernando Guillén Cuervo, Jesús Ochoa",James Bond descends into mystery as he tries to stop a mysterious organisation from eliminating a country's most valuable resource.,6.6,397640,$ 200000000,$ 168368427,$ 589580482,58.0,1319.0,338.0,0.8666666666666667,0.06666666666666668,0.0,0.06666666666666668,0.0
19,tt0848228,The Avengers,The Avengers,2012,2012-04-25,"Action, Adventure, Sci-Fi",143,USA,"English, Russian, Hindi",Joss Whedon,"Joss Whedon, Zak Penn",Marvel Studios,"Robert Downey Jr., Chris Evans, Mark Ruffalo, Chris Hemsworth, Scarlett Johansson, Jeremy Renner, Tom Hiddleston, Clark Gregg, Cobie Smulders, Stellan Skarsgård, Samuel L. Jackson, Gwyneth Paltrow, Paul Bettany, Alexis Denisof, Tina Benko",Earth's mightiest heroes must come together and learn to fight as a team if they are going to stop the mischievous Loki and his alien army from enslaving humanity.,8.0,1241220,$ 220000000,$ 623357910,$ 1518814206,69.0,1934.0,755.0,0.9333333333333332,0.06666666666666668,0.0,0.0,0.0
20,tt0948470,The Amazing Spider-Man,The Amazing Spider-Man,2012,2012-07-04,"Action, Adventure, Sci-Fi",136,USA,English,Marc Webb,"James Vanderbilt, Alvin Sargent",Columbia Pictures,"Andrew Garfield, Emma Stone, Rhys Ifans, Denis Leary, Martin Sheen, Sally Field, Irrfan Khan, Campbell Scott, Embeth Davidtz, Chris Zylka, Max Charles, C. Thomas Howell, Jake Keiffer, Kari Coleman, Michael Barra","After Peter Parker is bitten by a genetically altered spider, he gains newfound, spider-like powers and ventures out to save the city from the machinations of a mysterious reptilian foe.",6.9,550033,$ 230000000,$ 262030663,$ 757930663,66.0,1339.0,626.0,0.8666666666666667,0.06666666666666668,0.06666666666666668,0.0,0.0
21,tt0955308,Robin Hood,Robin Hood,2010,2010-05-12,"Action, Adventure, Drama",140,"USA, UK","English, French, Ukrainian",Ridley Scott,"Brian Helgeland, Brian Helgeland",Universal Pictures,"Russell Crowe, Cate Blanchett, Max von Sydow, William Hurt, Mark Strong, Oscar Isaac, Danny Huston, Eileen Atkins, Mark Addy, Matthew Macfadyen, Kevin Durand, Scott Grimes, Alan Doyle, Douglas Hodge, Léa Seydoux","In twelfth century England, Robin Longstride (",6.6,249741,$ 200000000,$ 105269730,$ 321669741,53.0,626.0,342.0,0.9333333333333332,0.0,0.0,0.06666666666666668,0.0
22,tt1014759,Alice in Wonderland,Alice in Wonderland,2010,2010-03-03,"Adventure, Family, Fantasy",108,"USA, UK",English,Tim Burton,"Linda Woolverton, Lewis Carroll",Walt Disney Pictures,"Johnny Depp, Mia Wasikowska, Helena Bonham Carter, Anne Hathaway, Crispin Glover, Matt Lucas, Michael Sheen, Stephen Fry, Alan Rickman, Barbara Windsor, Paul Whitehouse, Timothy Spall, Marton Csokas, Tim Pigott-Smith, John Surman","Nineteen-year-old Alice returns to the magical world from her childhood adventure, where she reunites with her old friends and learns of her true destiny: to end the Red Queen's reign of terror.",6.4,376706,$ 200000000,$ 334191110,$ 1025467110,53.0,790.0,471.0,0.8666666666666667,0.06666666666666668,0.0,0.0,0.06666666666666668
23,tt1055369,Transformers - La vendetta del caduto,Transformers: Revenge of the Fallen,2009,2009-06-26,"Action, Adventure, Sci-Fi",149,USA,"English, Spanish",Michael Bay,"Ehren Kruger, Roberto Orci",DreamWorks,"Shia LaBeouf, Megan Fox, Josh Duhamel, Tyrese Gibson, John Turturro, Ramon Rodriguez, Kevin Dunn, Julie White, Isabel Lucas, John Benjamin Hickey, Matthew Marsden, Andrew Howard, Michael Papajohn, Glenn Morshower, John Eric Bentley","Sam Witwicky leaves the Autobots behind for a normal life. But when his mind is filled with cryptic symbols, the Decepticons target him and he is dragged back into the Transformers' war.",6.0,379328,$ 200000000,$ 402111870,$ 836303693,35.0,1500.0,376.0,0.8666666666666667,0.06666666666666668,0.0,0.06666666666666668,0.0
24,tt1074638,Skyfall,Skyfall,2012,2012-10-31,"Action, Adventure, Thriller",143,"UK, USA, Turkey","English, Turkish, Shanghainese, Portuguese, Japanese",Sam Mendes,"Neal Purvis, Robert Wade",Metro-Goldwyn-Mayer (MGM),"Daniel Craig, Judi Dench, Javier Bardem, Ralph Fiennes, Naomie Harris, Bérénice Marlohe, Albert Finney, Ben Whishaw, Rory Kinnear, Ola Rapace, Helen McCrory, Nicholas Woodeson, Bill Buckhurst, Elize du Toit, Ian Bonar","James Bond's loyalty to M is tested when her past comes back to haunt her. When MI6 comes under attack, 007 must track down and destroy the threat, no matter how personal the cost.",7.7,620267,$ 200000000,$ 304360277,$ 1108561013,81.0,1588.0,740.0,0.8,0.06666666666666668,0.0,0.06666666666666668,0.06666666666666668
25,tt1133985,Lanterna Verde,Green Lantern,2011,2011-08-31,"Action, Adventure, Sci-Fi",114,USA,English,Martin Campbell,"Greg Berlanti, Michael Green",Warner Bros.,"Ryan Reynolds, Blake Lively, Peter Sarsgaard, Mark Strong, Tim Robbins, Jay O. Sanders, Taika Waititi, Angela Bassett, Mike Doyle, Nick Jandl, Dylan James, Gattlin Griffith, Jon Tenney, Leanne Cochran, Temuera Morrison","Reckless test pilot Hal Jordan is granted an alien ring that bestows him with otherworldly powers that inducts him into an intergalactic police force, the Green Lantern Corps.",5.5,263315,$ 200000000,$ 116601172,$ 219851172,39.0,650.0,442.0,0.6666666666666666,0.26666666666666666,0.0,0.0,0.06666666666666668
26,tt1170358,The Hobbit: The Desolation of Smaug,The Hobbit: The Desolation of Smaug,2013,2013-12-12,"Adventure, Fantasy",161,"New Zealand, USA",English,Peter Jackson,"Fran Walsh, Philippa Boyens",Metro-Goldwyn-Mayer (MGM),"Ian McKellen, Martin Freeman, Richard Armitage, Ken Stott, Graham McTavish, William Kircher, James Nesbitt, Stephen Hunter, Dean O'Gorman, Aidan Turner, John Callen, Peter Hambleton, Jed Brophy, Mark Hadlow, Adam Brown","The dwarves, along with Bilbo Baggins and Gandalf the Grey, continue their quest to reclaim Erebor, their homeland, from Smaug. Bilbo Baggins is in possession of a mysterious and magical ring.",7.8,590831,$ 225000000,$ 258366855,$ 958366855,66.0,989.0,536.0,1.0,0.0,0.0,0.0,0.0
27,tt1210819,The Lone Ranger,The Lone Ranger,2013,2013-07-03,"Action, Adventure, Comedy",150,USA,"English, North American Indian",Gore Verbinski,"Justin Haythe, Ted Elliott",Walt Disney Pictures,"Johnny Depp, Armie Hammer, William Fichtner, Tom Wilkinson, Ruth Wilson, Helena Bonham Carter, James Badge Dale, Bryant Prince, Barry Pepper, Mason Cook, JD Cullum, Saginaw Grant, Harry Treadaway, James Frain, Joaquín Cosio","Native American warrior Tonto recounts the untold tales that transformed John Reid, a man of the law, into a legend of justice.",6.4,218067,$ 215000000,$ 89302115,$ 260502115,37.0,770.0,467.0,0.8666666666666667,0.06666666666666668,0.0,0.0,0.06666666666666668
28,tt1216475,Cars 2,Cars 2,2011,2011-06-22,"Animation, Adventure, Comedy",106,USA,"English, Japanese, Italian, French","John Lasseter, Bradford Lewis","John Lasseter, Bradford Lewis",Walt Disney Pictures,"Larry the Cable Guy, Owen Wilson, Michael Caine, Emily Mortimer, Eddie Izzard, John Turturro, Brent Musburger, Joe Mantegna, Thomas Kretschmann, Peter Jacobson, Bonnie Hunt, Darrell Waltrip, Franco Nero, David Hobbs, Patrick Walker",Star race car Lightning McQueen and his pal Mater head overseas to compete in the World Grand Prix race. But the road to the championship becomes rocky as Mater gets caught up in an intriguing adventure of his own: international espionage.,6.1,155043,$ 200000000,$ 191452396,$ 559852396,57.0,338.0,319.0,1.0,0.0,0.0,0.0,0.0
29,tt1298650,Pirati dei Caraibi - Oltre i confini del mare,Pirates of the Caribbean: On Stranger Tides,2011,2011-05-18,"Action, Adventure, Fantasy",137,"USA, UK","English, Spanish",Rob Marshall,"Ted Elliott, Terry Rossio",Walt Disney Pictures,"Johnny Depp, Penélope Cruz, Geoffrey Rush, Ian McShane, Kevin McNally, Sam Claflin, Astrid Bergès-Frisbey, Stephen Graham, Keith Richards, Richard Griffiths, Greg Ellis, Damian O'Hare, Óscar Jaenada, Anton Lesser, Roger Allam","Jack Sparrow and Barbossa embark on a quest to find the elusive fountain of youth, only to discover that Blackbeard and his daughter are after it too.",6.6,472435,$ 250000000,$ 241071802,$ 1045713802,45.0,536.0,468.0,0.8,0.06666666666666668,0.0,0.06666666666666668,0.06666666666666668
30,tt1345836,Il cavaliere oscuro - Il ritorno,The Dark Knight Rises,2012,2012-08-29,"Action, Adventure",164,"UK, USA","English, Arabic",Christopher Nolan,"Jonathan Nolan, Christopher Nolan",Warner Bros.,"Christian Bale, Gary Oldman, Tom Hardy, Joseph Gordon-Levitt, Anne Hathaway, Marion Cotillard, Morgan Freeman, Michael Caine, Matthew Modine, Alon Aboutboul, Ben Mendelsohn, Burn Gorman, Daniel Sunjata, Aidan Gillen, Sam Kennard","Eight years after the Joker's reign of anarchy, Batman, with the help of the enigmatic Catwoman, is forced from his exile to save Gotham City from the brutal guerrilla terrorist Bane.",8.4,1480582,$ 250000000,$ 448139099,$ 1081133191,78.0,3004.0,547.0,0.7333333333333333,0.13333333333333333,0.0,0.06666666666666668,0.06666666666666668
31,tt1408101,Into Darkness - Star Trek,Star Trek Into Darkness,2013,2013-06-12,"Action, Adventure, Sci-Fi",132,USA,"English, Klingon",J.J. Abrams,"Roberto Orci, Alex Kurtzman",Paramount Pictures,"Chris Pine, Zachary Quinto, Zoe Saldana, Karl Urban, Simon Pegg, John Cho, Benedict Cumberbatch, Anton Yelchin, Bruce Greenwood, Peter Weller, Alice Eve, Noel Clarke, Nazneen Contractor, Amanda Foreman, Jay Scully","After the crew of the Enterprise find an unstoppable force of terror from within their own organization, Captain Kirk leads a manhunt to a war-zone world to capture a one-man weapon of mass destruction.",7.7,458568,$ 190000000,$ 228778661,$ 467365246,72.0,1245.0,625.0,0.7333333333333333,0.13333333333333333,0.06666666666666668,0.0,0.06666666666666668
32,tt1409024,Men in Black 3,Men in Black 3,2012,2012-05-23,"Action, Adventure, Comedy",106,"USA, United Arab Emirates","English, Ukrainian",Barry Sonnenfeld,"Etan Cohen, Lowell Cunningham",Columbia Pictures,"Will Smith, Tommy Lee Jones, Josh Brolin, Jemaine Clement, Emma Thompson, Michael Stuhlbarg, Mike Colter, Nicole Scherzinger, Michael Chernus, Alice Eve, David Rasche, Keone Young, Bill Hader, Cayen Martin, Clarke Thorell",Agent J travels in time to M.I.B.'s early days in 1969 to stop an alien from assassinating his friend Agent K and changing history.,6.8,329608,$ 225000000,$ 179020854,$ 624026776,58.0,394.0,460.0,0.8,0.06666666666666668,0.0,0.0,0.13333333333333333
33,tt1440129,Battleship,Battleship,2012,2012-04-13,"Action, Adventure, Sci-Fi",131,USA,"English, Japanese",Peter Berg,"Jon Hoeber, Erich Hoeber",Universal Pictures,"Taylor Kitsch, Alexander Skarsgård, Rihanna, Brooklyn Decker, Tadanobu Asano, Hamish Linklater, Liam Neeson, Peter MacNicol, John Tui, Jesse Plemons, Gregory D. Gadson, Jerry Ferrara, Adam Godley, Rico McClinton, Joji Yoshida",A fleet of ships is forced to do battle with an armada of unknown origins in order to discover and thwart their destructive goals.,5.8,233458,$ 209000000,$ 65422625,$ 303025485,41.0,884.0,396.0,0.8,0.0,0.06666666666666668,0.06666666666666668,0.06666666666666668
34,tt1453405,Monsters University,Monsters University,2013,2013-08-21,"Animation, Adventure, Comedy",104,USA,English,Dan Scanlon,"Dan Scanlon, Daniel Gerson",Walt Disney Pictures,"Billy Crystal, John Goodman, Steve Buscemi, Helen Mirren, Peter Sohn, Joel Murray, Sean Hayes, Dave Foley, Charlie Day, Alfred Molina, Tyler Labine, Nathan Fillion, Aubrey Plaza, Bobby Moynihan, Noah Johnston","A look at the relationship between Mike Wazowski (Billy Crystal) and James P. ""Sully"" Sullivan (John Goodman) during their days at Monsters University, when they weren't necessarily the best of friends.",7.3,313986,$ 200000000,$ 268492764,$ 743559607,65.0,336.0,395.0,0.9333333333333332,0.0,0.0,0.0,0.06666666666666668
35,tt1623205,Il grande e potente Oz,Oz the Great and Powerful,2013,2013-03-07,"Adventure, Family, Fantasy",130,USA,English,Sam Raimi,"Mitchell Kapner, David Lindsay-Abaire",Walt Disney Pictures,"James Franco, Mila Kunis, Rachel Weisz, Michelle Williams, Zach Braff, Bill Cobbs, Joey King, Tony Cox, Stephen R. Hart, Abigail Spencer, Bruce Campbell, Ted Raimi, Tim Holmes, Toni Wynne, Rob Crites","A frustrated circus magician from Kansas is transported to a magical land called Oz, where he will have to fulfill a prophecy to become the king, and release the land from the Wicked Witches using his great (but fake) powers.",6.3,197337,$ 215000000,$ 234911825,$ 493311825,44.0,539.0,545.0,0.8,0.2,0.0,0.0,0.0
36,tt1872181,The Amazing Spider-Man 2 - Il potere di Electro,The Amazing Spider-Man 2,2014,2014-04-23,"Action, Adventure, Sci-Fi",142,USA,English,Marc Webb,"Alex Kurtzman, Roberto Orci",Marvel Enterprises,"Andrew Garfield, Emma Stone, Jamie Foxx, Dane DeHaan, Colm Feore, Felicity Jones, Paul Giamatti, Sally Field, Embeth Davidtz, Campbell Scott, Marton Csokas, Louis Cancelmi, Max Charles, B.J. Novak, Sarah Gadon","When New York is put under siege by Oscorp, it is up to Spider-Man to save the city he swore to protect as well as his loved ones.",6.6,409370,$ 200000000,$ 202853933,$ 708982323,53.0,1184.0,539.0,0.9333333333333332,0.06666666666666668,0.0,0.0,0.0
37,tt1877832,X-Men - Giorni di un futuro passato,X-Men: Days of Future Past,2014,2014-05-22,"Action, Adventure, Sci-Fi",132,"USA, UK, Canada","English, Vietnamese, French",Bryan Singer,"Simon Kinberg, Jane Goldman",Twentieth Century Fox,"Hugh Jackman, James McAvoy, Michael Fassbender, Jennifer Lawrence, Halle Berry, Nicholas Hoult, Anna Paquin, Ellen Page, Peter Dinklage, Shawn Ashmore, Omar Sy, Evan Peters, Josh Helman, Daniel Cudmore, Bingbing Fan",The X-Men send Wolverine to the past in a desperate effort to change history and prevent an event that results in doom for both humans and mutants.,8.0,650414,$ 200000000,$ 233921534,$ 746045700,75.0,822.0,570.0,0.8,0.0,0.06666666666666668,0.0,0.13333333333333333
38,tt2109248,Transformers 4 - L'era dell'estinzione,Transformers: Age of Extinction,2014,2014-07-16,"Action, Adventure, Sci-Fi",165,"USA, China, Hong Kong",English,Michael Bay,Ehren Kruger,Paramount Pictures,"Mark Wahlberg, Stanley Tucci, Kelsey Grammer, Nicola Peltz, Jack Reynor, Titus Welliver, Sophia Myles, Bingbing Li, T.J. Miller, James Bachman, Thomas Lennon, Charles Parnell, Erika Fong, Michael Collins, Geng Han","When humanity allies with a bounty hunter in pursuit of Optimus Prime, the Autobots turn to a mechanic and his family for help.",5.6,294790,$ 210000000,$ 245439076,$ 1104054072,32.0,1014.0,403.0,0.8,0.0,0.2,0.0,0.0
39,tt2310332,Lo Hobbit - La battaglia delle cinque armate,The Hobbit: The Battle of the Five Armies,2014,2014-12-17,"Adventure, Fantasy",144,"New Zealand, USA",English,Peter Jackson,"Fran Walsh, Philippa Boyens",New Line Cinema,"Ian McKellen, Martin Freeman, Richard Armitage, Ken Stott, Graham McTavish, William Kircher, James Nesbitt, Stephen Hunter, Dean O'Gorman, Aidan Turner, John Callen, Peter Hambleton, Jed Brophy, Mark Hadlow, Adam Brown",Bilbo and company are forced to engage in a war against an array of combatants and keep the Lonely Mountain from falling into the hands of a rising darkness.,7.4,464157,$ 250000000,$ 255119788,$ 956019788,59.0,886.0,456.0,1.0,0.0,0.0,0.0,0.0
40,tt2379713,Spectre,Spectre,2015,2015-11-05,"Action, Adventure, Thriller",148,"UK, USA, Austria, Mexico, Italy, Morocco","English, Spanish, Italian, German, French",Sam Mendes,"John Logan, Neal Purvis",B24,"Daniel Craig, Christoph Waltz, Léa Seydoux, Ralph Fiennes, Monica Bellucci, Ben Whishaw, Naomie Harris, Dave Bautista, Andrew Scott, Rory Kinnear, Jesper Christensen, Alessandro Cremona, Stephanie Sigman, Tenoch Huerta, Adriana Paz","A cryptic message from James Bond's past sends him on a trail to uncover the existence of a sinister organisation named SPECTRE. With a new threat dawning, Bond learns the terrible truth about the author of all his pain in his most recent missions.",6.8,376138,$ 245000000,$ 200074609,$ 880674609,60.0,1161.0,643.0,0.7333333333333333,0.06666666666666668,0.0,0.06666666666666668,0.13333333333333333
41,tt2395427,Avengers: Age of Ultron,Avengers: Age of Ultron,2015,2015-04-22,"Action, Adventure, Sci-Fi",141,USA,"English, Korean",Joss Whedon,"Joss Whedon, Stan Lee",Marvel Studios,"Robert Downey Jr., Chris Hemsworth, Mark Ruffalo, Chris Evans, Scarlett Johansson, Jeremy Renner, James Spader, Samuel L. Jackson, Don Cheadle, Aaron Taylor-Johnson, Elizabeth Olsen, Paul Bettany, Cobie Smulders, Anthony Mackie, Hayley Atwell","When Tony Stark and Bruce Banner try to jump-start a dormant peacekeeping program called Ultron, things go horribly wrong and it's up to Earth's mightiest heroes to stop the villainous Ultron from enacting his terrible plan.",7.3,722685,$ 250000000,$ 459005868,$ 1402808753,66.0,1306.0,693.0,0.8,0.2,0.0,0.0,0.0
42,tt2975590,Batman v Superman: Dawn of Justice,Batman v Superman: Dawn of Justice,2016,2016-03-23,"Action, Adventure, Sci-Fi",152,USA,English,Zack Snyder,"Chris Terrio, David S. Goyer",Warner Bros.,"Ben Affleck, Henry Cavill, Amy Adams, Jesse Eisenberg, Diane Lane, Laurence Fishburne, Jeremy Irons, Holly Hunter, Gal Gadot, Scoot McNairy, Callan Mulvey, Tao Okamoto, Brandon Spink, Lauren Cohan, Alan D. Purwin","Fearing that the actions of Superman are left unchecked, Batman takes on the Man of Steel, while the world wrestles with what kind of a hero it really needs.",6.4,612550,$ 250000000,$ 330360194,$ 873637528,44.0,3766.0,813.0,0.8666666666666667,0.06666666666666668,0.06666666666666668,0.0,0.0
43,tt3498820,Captain America: Civil War,Captain America: Civil War,2016,2016-05-04,"Action, Adventure, Sci-Fi",147,USA,"English, German, Xhosa, Russian, Romanian, Hindi","Anthony Russo, Joe Russo","Christopher Markus, Stephen McFeely",Marvel Studios,"Chris Evans, Robert Downey Jr., Scarlett Johansson, Sebastian Stan, Anthony Mackie, Don Cheadle, Jeremy Renner, Chadwick Boseman, Paul Bettany, Elizabeth Olsen, Paul Rudd, Emily VanCamp, Tom Holland, Daniel Brühl, Frank Grillo",Political involvement in the Avengers' affairs causes a rift between Captain America and Iron Man.,7.8,644241,$ 250000000,$ 408084349,$ 1153332120,75.0,1422.0,670.0,0.8666666666666667,0.13333333333333333,0.0,0.0,0.0
